<?xml version="1.0" encoding="UTF-8"?>

<stock xmlns="https://www.w3schools.com" xmlns:xsi="http://www.w3.org/2001/XMLSchema-instance" xsi:schemaLocation="https://www.w3schools.com/xml Q1_.xsd">
  <new-car>
    <model>Fiat</model>
    <price>12000</price>
  </new-car>
  <used-car>
    <model>Fiat Bravo</model>
    <price>4000</price>
    <mileage>1000</mileage>
    <condition>Good</condition>
  </used-car>
  <used-car>
    <model>Ferrari</model>
    <price>400000</price>
    <mileage>100</mileage>
  </used-car>
</stock>
