<?xml version="1.0" encoding="UTF-8"?>

<bookstore>
    <book price="730.54" ISBN="string" publicationdate="2016-02-27">
        <title>string</title>
        <author>
            <first-name>string</first-name>
            <last-name>string</last-name>
        </author>
        <genre>string</genre>
    </book>
    <book price="6738.774" ISBN="string">
        <title>string</title>
        <author>
            <first-name>string</first-name>
            <last-name>string</last-name>
        </author>
    </book>
</bookstore>
