<?xml version="1.0" encoding="UTF-8"?>

<bookstore xmlns="https://www.w3schools.com" xmlns:xsi="http://www.w3.org/2001/XMLSchema-instance" xsi:schemaLocation="https://www.w3schools.com/xml Q2_.xsd">
    <book price="730.54" ISBN="string" publicationdate="2016-02-27">
        <title>string</title>
        <author>
            <first-name>string</first-name>
            <last-name>string</last-name>
        </author>
        <genre>string</genre>
    </book>
    <book price="6738.774" ISBN="string">
        <title>string</title>
        <author>
            <first-name>string</first-name>
            <last-name>string</last-name>
        </author>
    </book>
</bookstore>
